{
  "version": "1.0",
  "description": "Enhanced Movement Configuration",
  "movementSettings": {
    "baseMovementSpeedMultiplier": 1.5,
    "sprintSpeedMultiplier": 1.8,
    "crouchSpeedMultiplier": 1.5,
    "jumpHeightMultiplier": 1.3,
    "slideSpeedMultiplier": 2.0,
    "slideDistanceMultiplier": 2.0,
    "adsMovementPenaltyReduction": 1.0,
    "accelerationMultiplier": 1.5,
    "airControlMultiplier": 1.5,
    "mantleSpeedMultiplier": 1.5,
    "swimSpeedMultiplier": 1.5,
    "ladderClimbSpeedMultiplier": 1.5
  },
  "advancedSettings": {
    "enableBunnyHop": true,
    "enableAutoSlide": true,
    "enableAutoMantling": true,
    "enableSlideCancelling": true,
    "enableJumpShooting": true,
    "enableDropShooting": true,
    "enableFastRecovery": true
  },
  "vehicleSettings": {
    "groundVehicleSpeedMultiplier": 1.5,
    "groundVehicleAccelerationMultiplier": 1.5,
    "groundVehicleTractionMultiplier": 1.2,
    "airVehicleSpeedMultiplier": 1.5,
    "airVehicleAccelerationMultiplier": 1.5,
    "waterVehicleSpeedMultiplier": 1.5,
    "waterVehicleAccelerationMultiplier": 1.5
  }
}