{
  "version": "1.0",
  "description": "Enhanced Weapon Configuration",
  "globalSettings": {
    "damageMultiplier": 3.0,
    "fireRateMultiplier": 1.5,
    "recoilReduction": 1.0,
    "spreadReduction": 1.0,
    "bulletVelocityMultiplier": 2.0,
    "bulletDropDisabled": true,
    "instantADS": true,
    "headshotMultiplier": 5.0
  },
  "weaponCategories": {
    "assault": {
      "damageMultiplier": 3.0,
      "fireRateMultiplier": 1.5,
      "recoilReduction": 1.0,
      "spreadReduction": 1.0
    },
    "smg": {
      "damageMultiplier": 2.5,
      "fireRateMultiplier": 1.8,
      "recoilReduction": 1.0,
      "spreadReduction": 1.0
    },
    "sniper": {
      "damageMultiplier": 5.0,
      "fireRateMultiplier": 1.3,
      "recoilReduction": 1.0,
      "spreadReduction": 1.0,
      "bulletVelocityMultiplier": 3.0
    },
    "shotgun": {
      "damageMultiplier": 2.5,
      "fireRateMultiplier": 1.4,
      "recoilReduction": 1.0,
      "spreadReduction": 0.7
    },
    "lmg": {
      "damageMultiplier": 2.8,
      "fireRateMultiplier": 1.4,
      "recoilReduction": 1.0,
      "spreadReduction": 0.9
    },
    "pistol": {
      "damageMultiplier": 3.0,
      "fireRateMultiplier": 1.6,
      "recoilReduction": 1.0,
      "spreadReduction": 1.0
    },
    "melee": {
      "damageMultiplier": 10.0,
      "attackSpeedMultiplier": 1.5
    }
  },
  "specificWeapons": {
    "m4a1": {
      "damageMultiplier": 3.5,
      "fireRateMultiplier": 1.6,
      "recoilReduction": 1.0,
      "spreadReduction": 1.0
    },
    "ak47": {
      "damageMultiplier": 4.0,
      "fireRateMultiplier": 1.5,
      "recoilReduction": 1.0,
      "spreadReduction": 1.0
    },
    "awp": {
      "damageMultiplier": 10.0,
      "fireRateMultiplier": 1.5,
      "recoilReduction": 1.0,
      "spreadReduction": 1.0
    },
    "mp5": {
      "damageMultiplier": 3.0,
      "fireRateMultiplier": 2.0,
      "recoilReduction": 1.0,
      "spreadReduction": 1.0
      },
    "ak117": {
      "damageMultiplier": 35.0,
      "fireRateMultiplier": 2.0,
      "recoilReduction": 1.0,
      "spreadReduction": 1.0
    }
  }
}