{
  "GameSettings": {
    "Version": "beta-ultimate-maximal-long-config",
    "Graphics": {
      "Resolution": {
        "width": 7680,
        "height": 4320,
        "refreshRate": 240
      },
      "RayTracing": true,
      "TextureQuality": "Insane",
      "ShadowDetail": "UltraExtreme",
      "PostProcessing": {
        "Effect_0": "Enabled",
        "Effect_1": "Enabled",
        "Effect_2": "Enabled",
        "Effect_3": "Enabled",
        "Effect_4": "Enabled",
        "Effect_5": "Enabled",
        "Effect_6": "Enabled",
        "Effect_7": "Enabled",
        "Effect_8": "Enabled",
        "Effect_9": "Enabled",
        "Effect_10": "Enabled",
        "Effect_11": "Enabled",
        "Effect_12": "Enabled",
        "Effect_13": "Enabled",
        "Effect_14": "Enabled",
        "Effect_15": "Enabled",
        "Effect_16": "Enabled",
        "Effect_17": "Enabled",
        "Effect_18": "Enabled",
        "Effect_19": "Enabled",
        "Effect_20": "Enabled",
        "Effect_21": "Enabled",
        "Effect_22": "Enabled",
        "Effect_23": "Enabled",
        "Effect_24": "Enabled",
        "Effect_25": "Enabled",
        "Effect_26": "Enabled",
        "Effect_27": "Enabled",
        "Effect_28": "Enabled",
        "Effect_29": "Enabled",
        "Effect_30": "Enabled",
        "Effect_31": "Enabled",
        "Effect_32": "Enabled",
        "Effect_33": "Enabled",
        "Effect_34": "Enabled",
        "Effect_35": "Enabled",
        "Effect_36": "Enabled",
        "Effect_37": "Enabled",
        "Effect_38": "Enabled",
        "Effect_39": "Enabled",
        "Effect_40": "Enabled",
        "Effect_41": "Enabled",
        "Effect_42": "Enabled",
        "Effect_43": "Enabled",
        "Effect_44": "Enabled",
        "Effect_45": "Enabled",
        "Effect_46": "Enabled",
        "Effect_47": "Enabled",
        "Effect_48": "Enabled",
        "Effect_49": "Enabled",
        "Effect_50": "Enabled",
        "Effect_51": "Enabled",
        "Effect_52": "Enabled",
        "Effect_53": "Enabled",
        "Effect_54": "Enabled",
        "Effect_55": "Enabled",
        "Effect_56": "Enabled",
        "Effect_57": "Enabled",
        "Effect_58": "Enabled",
        "Effect_59": "Enabled",
        "Effect_60": "Enabled",
        "Effect_61": "Enabled",
        "Effect_62": "Enabled",
        "Effect_63": "Enabled",
        "Effect_64": "Enabled",
        "Effect_65": "Enabled",
        "Effect_66": "Enabled",
        "Effect_67": "Enabled",
        "Effect_68": "Enabled",
        "Effect_69": "Enabled",
        "Effect_70": "Enabled",
        "Effect_71": "Enabled",
        "Effect_72": "Enabled",
        "Effect_73": "Enabled",
        "Effect_74": "Enabled",
        "Effect_75": "Enabled",
        "Effect_76": "Enabled",
        "Effect_77": "Enabled",
        "Effect_78": "Enabled",
        "Effect_79": "Enabled",
        "Effect_80": "Enabled",
        "Effect_81": "Enabled",
        "Effect_82": "Enabled",
        "Effect_83": "Enabled",
        "Effect_84": "Enabled",
        "Effect_85": "Enabled",
        "Effect_86": "Enabled",
        "Effect_87": "Enabled",
        "Effect_88": "Enabled",
        "Effect_89": "Enabled",
        "Effect_90": "Enabled",
        "Effect_91": "Enabled",
        "Effect_92": "Enabled",
        "Effect_93": "Enabled",
        "Effect_94": "Enabled",
        "Effect_95": "Enabled",
        "Effect_96": "Enabled",
        "Effect_97": "Enabled",
        "Effect_98": "Enabled",
        "Effect_99": "Enabled"
      }
    },
    "Audio": {
      "Channels": 32,
      "Surround": true,
      "Quality": "Lossless",
      "Settings": {
        "VolumeLevel_0": 0.0,
        "VolumeLevel_1": 0.01,
        "VolumeLevel_2": 0.02,
        "VolumeLevel_3": 0.03,
        "VolumeLevel_4": 0.04,
        "VolumeLevel_5": 0.05,
        "VolumeLevel_6": 0.06,
        "VolumeLevel_7": 0.07,
        "VolumeLevel_8": 0.08,
        "VolumeLevel_9": 0.09,
        "VolumeLevel_10": 0.1,
        "VolumeLevel_11": 0.11,
        "VolumeLevel_12": 0.12,
        "VolumeLevel_13": 0.13,
        "VolumeLevel_14": 0.14,
        "VolumeLevel_15": 0.15,
        "VolumeLevel_16": 0.16,
        "VolumeLevel_17": 0.17,
        "VolumeLevel_18": 0.18,
        "VolumeLevel_19": 0.19,
        "VolumeLevel_20": 0.2,
        "VolumeLevel_21": 0.21,
        "VolumeLevel_22": 0.22,
        "VolumeLevel_23": 0.23,
        "VolumeLevel_24": 0.24,
        "VolumeLevel_25": 0.25,
        "VolumeLevel_26": 0.26,
        "VolumeLevel_27": 0.27,
        "VolumeLevel_28": 0.28,
        "VolumeLevel_29": 0.29,
        "VolumeLevel_30": 0.3,
        "VolumeLevel_31": 0.31,
        "VolumeLevel_32": 0.32,
        "VolumeLevel_33": 0.33,
        "VolumeLevel_34": 0.34,
        "VolumeLevel_35": 0.35000000000000003,
        "VolumeLevel_36": 0.36,
        "VolumeLevel_37": 0.37,
        "VolumeLevel_38": 0.38,
        "VolumeLevel_39": 0.39,
        "VolumeLevel_40": 0.4,
        "VolumeLevel_41": 0.41000000000000003,
        "VolumeLevel_42": 0.42,
        "VolumeLevel_43": 0.43,
        "VolumeLevel_44": 0.44,
        "VolumeLevel_45": 0.45,
        "VolumeLevel_46": 0.46,
        "VolumeLevel_47": 0.47000000000000003,
        "VolumeLevel_48": 0.48,
        "VolumeLevel_49": 0.49,
        "VolumeLevel_50": 0.5,
        "VolumeLevel_51": 0.51,
        "VolumeLevel_52": 0.52,
        "VolumeLevel_53": 0.53,
        "VolumeLevel_54": 0.54,
        "VolumeLevel_55": 0.55,
        "VolumeLevel_56": 0.56,
        "VolumeLevel_57": 0.5700000000000001,
        "VolumeLevel_58": 0.58,
        "VolumeLevel_59": 0.59,
        "VolumeLevel_60": 0.6,
        "VolumeLevel_61": 0.61,
        "VolumeLevel_62": 0.62,
        "VolumeLevel_63": 0.63,
        "VolumeLevel_64": 0.64,
        "VolumeLevel_65": 0.65,
        "VolumeLevel_66": 0.66,
        "VolumeLevel_67": 0.67,
        "VolumeLevel_68": 0.68,
        "VolumeLevel_69": 0.6900000000000001,
        "VolumeLevel_70": 0.7000000000000001,
        "VolumeLevel_71": 0.71,
        "VolumeLevel_72": 0.72,
        "VolumeLevel_73": 0.73,
        "VolumeLevel_74": 0.74,
        "VolumeLevel_75": 0.75,
        "VolumeLevel_76": 0.76,
        "VolumeLevel_77": 0.77,
        "VolumeLevel_78": 0.78,
        "VolumeLevel_79": 0.79,
        "VolumeLevel_80": 0.8,
        "VolumeLevel_81": 0.81,
        "VolumeLevel_82": 0.8200000000000001,
        "VolumeLevel_83": 0.8300000000000001,
        "VolumeLevel_84": 0.84,
        "VolumeLevel_85": 0.85,
        "VolumeLevel_86": 0.86,
        "VolumeLevel_87": 0.87,
        "VolumeLevel_88": 0.88,
        "VolumeLevel_89": 0.89,
        "VolumeLevel_90": 0.9,
        "VolumeLevel_91": 0.91,
        "VolumeLevel_92": 0.92,
        "VolumeLevel_93": 0.93,
        "VolumeLevel_94": 0.9400000000000001,
        "VolumeLevel_95": 0.9500000000000001,
        "VolumeLevel_96": 0.96,
        "VolumeLevel_97": 0.97,
        "VolumeLevel_98": 0.98,
        "VolumeLevel_99": 0.99
      }
    },
    "Controls": {
      "MouseSensitivity": 999.9,
      "Acceleration": true,
      "Mapping": {
        "Action_0": "Key_0",
        "Action_1": "Key_1",
        "Action_2": "Key_2",
        "Action_3": "Key_3",
        "Action_4": "Key_4",
        "Action_5": "Key_5",
        "Action_6": "Key_6",
        "Action_7": "Key_7",
        "Action_8": "Key_8",
        "Action_9": "Key_9",
        "Action_10": "Key_10",
        "Action_11": "Key_11",
        "Action_12": "Key_12",
        "Action_13": "Key_13",
        "Action_14": "Key_14",
        "Action_15": "Key_15",
        "Action_16": "Key_16",
        "Action_17": "Key_17",
        "Action_18": "Key_18",
        "Action_19": "Key_19",
        "Action_20": "Key_20",
        "Action_21": "Key_21",
        "Action_22": "Key_22",
        "Action_23": "Key_23",
        "Action_24": "Key_24",
        "Action_25": "Key_25",
        "Action_26": "Key_26",
        "Action_27": "Key_27",
        "Action_28": "Key_28",
        "Action_29": "Key_29",
        "Action_30": "Key_30",
        "Action_31": "Key_31",
        "Action_32": "Key_32",
        "Action_33": "Key_33",
        "Action_34": "Key_34",
        "Action_35": "Key_35",
        "Action_36": "Key_36",
        "Action_37": "Key_37",
        "Action_38": "Key_38",
        "Action_39": "Key_39",
        "Action_40": "Key_40",
        "Action_41": "Key_41",
        "Action_42": "Key_42",
        "Action_43": "Key_43",
        "Action_44": "Key_44",
        "Action_45": "Key_45",
        "Action_46": "Key_46",
        "Action_47": "Key_47",
        "Action_48": "Key_48",
        "Action_49": "Key_49",
        "Action_50": "Key_50",
        "Action_51": "Key_51",
        "Action_52": "Key_52",
        "Action_53": "Key_53",
        "Action_54": "Key_54",
        "Action_55": "Key_55",
        "Action_56": "Key_56",
        "Action_57": "Key_57",
        "Action_58": "Key_58",
        "Action_59": "Key_59",
        "Action_60": "Key_60",
        "Action_61": "Key_61",
        "Action_62": "Key_62",
        "Action_63": "Key_63",
        "Action_64": "Key_64",
        "Action_65": "Key_65",
        "Action_66": "Key_66",
        "Action_67": "Key_67",
        "Action_68": "Key_68",
        "Action_69": "Key_69",
        "Action_70": "Key_70",
        "Action_71": "Key_71",
        "Action_72": "Key_72",
        "Action_73": "Key_73",
        "Action_74": "Key_74",
        "Action_75": "Key_75",
        "Action_76": "Key_76",
        "Action_77": "Key_77",
        "Action_78": "Key_78",
        "Action_79": "Key_79",
        "Action_80": "Key_80",
        "Action_81": "Key_81",
        "Action_82": "Key_82",
        "Action_83": "Key_83",
        "Action_84": "Key_84",
        "Action_85": "Key_85",
        "Action_86": "Key_86",
        "Action_87": "Key_87",
        "Action_88": "Key_88",
        "Action_89": "Key_89",
        "Action_90": "Key_90",
        "Action_91": "Key_91",
        "Action_92": "Key_92",
        "Action_93": "Key_93",
        "Action_94": "Key_94",
        "Action_95": "Key_95",
        "Action_96": "Key_96",
        "Action_97": "Key_97",
        "Action_98": "Key_98",
        "Action_99": "Key_99"
      }
    },
    "AimAssist": {
      "ReticleSnap": 1.0,
      "BulletMagnetism": 1.0,
      "TargetPrediction": "AIHyperPredictor",
      "AssistStrength": "UltimateMax",
      "AdvancedSettings": {
        "Param_0": "Max",
        "Param_1": "Max",
        "Param_2": "Max",
        "Param_3": "Max",
        "Param_4": "Max",
        "Param_5": "Max",
        "Param_6": "Max",
        "Param_7": "Max",
        "Param_8": "Max",
        "Param_9": "Max",
        "Param_10": "Max",
        "Param_11": "Max",
        "Param_12": "Max",
        "Param_13": "Max",
        "Param_14": "Max",
        "Param_15": "Max",
        "Param_16": "Max",
        "Param_17": "Max",
        "Param_18": "Max",
        "Param_19": "Max",
        "Param_20": "Max",
        "Param_21": "Max",
        "Param_22": "Max",
        "Param_23": "Max",
        "Param_24": "Max",
        "Param_25": "Max",
        "Param_26": "Max",
        "Param_27": "Max",
        "Param_28": "Max",
        "Param_29": "Max",
        "Param_30": "Max",
        "Param_31": "Max",
        "Param_32": "Max",
        "Param_33": "Max",
        "Param_34": "Max",
        "Param_35": "Max",
        "Param_36": "Max",
        "Param_37": "Max",
        "Param_38": "Max",
        "Param_39": "Max",
        "Param_40": "Max",
        "Param_41": "Max",
        "Param_42": "Max",
        "Param_43": "Max",
        "Param_44": "Max",
        "Param_45": "Max",
        "Param_46": "Max",
        "Param_47": "Max",
        "Param_48": "Max",
        "Param_49": "Max",
        "Param_50": "Max",
        "Param_51": "Max",
        "Param_52": "Max",
        "Param_53": "Max",
        "Param_54": "Max",
        "Param_55": "Max",
        "Param_56": "Max",
        "Param_57": "Max",
        "Param_58": "Max",
        "Param_59": "Max",
        "Param_60": "Max",
        "Param_61": "Max",
        "Param_62": "Max",
        "Param_63": "Max",
        "Param_64": "Max",
        "Param_65": "Max",
        "Param_66": "Max",
        "Param_67": "Max",
        "Param_68": "Max",
        "Param_69": "Max",
        "Param_70": "Max",
        "Param_71": "Max",
        "Param_72": "Max",
        "Param_73": "Max",
        "Param_74": "Max",
        "Param_75": "Max",
        "Param_76": "Max",
        "Param_77": "Max",
        "Param_78": "Max",
        "Param_79": "Max",
        "Param_80": "Max",
        "Param_81": "Max",
        "Param_82": "Max",
        "Param_83": "Max",
        "Param_84": "Max",
        "Param_85": "Max",
        "Param_86": "Max",
        "Param_87": "Max",
        "Param_88": "Max",
        "Param_89": "Max",
        "Param_90": "Max",
        "Param_91": "Max",
        "Param_92": "Max",
        "Param_93": "Max",
        "Param_94": "Max",
        "Param_95": "Max",
        "Param_96": "Max",
        "Param_97": "Max",
        "Param_98": "Max",
        "Param_99": "Max"
      }
    }
  }
}